{
  "categories": [
    {
      "id": 0,
      "name": "S0"
    },
    {
      "id": 1,
      "name": "S1"
    },
    {
      "id": 2,
      "name": "S2"
    },
    {
      "id": 3,
      "name": "S3"
    },
    {
      "id": 4,
      "name": "S4"
    },
    {
      "id": 5,
      "name": "S5"
    },
    {
      "id": 6,
      "name": "S6"
    },
    {
      "id": 7,
      "name": "S7"
    },
    {
      "id": 8,
      "name": "S8"
    },
    {
      "id": 9,
      "name": "S9"
    }
  ],
  "info": {
    "year": 2023,
    "version": "1.0",
    "contributor": "Label Studio"
  }
}